{"cameraMode":{"drawMode":0,"name":"Shaded","section":"Shading Mode"},"sceneLighting":true,"audioPlay":false,"sceneViewState":{"m_AlwaysRefresh":false,"showFog":true,"showSkybox":true,"showFlares":true,"showImageEffects":true,"showParticleSystems":true,"showVisualEffectGraphs":true,"m_FxEnabled":true},"in2DMode":false,"pivot":{"x":0.9751030206680298,"y":0.6661610007286072,"z":0.5146834850311279},"rotation":{"x":-0.24380818009376527,"y":-0.39317652583122256,"z":0.10898078978061676,"w":-0.879926323890686},"size":0.8660253882408142,"orthographic":false}